<?xml version="1.0" encoding="utf-8"?>
<form>
  <title>Hero Style 3</title>
  <sampledata>
 </sampledata>
  <fields name="hero">
		<fieldset name="sliders" label="HERO_BASIC_2_LABEL" description="HERO_BASIC_2_DESC">
			<field name="image-decor" type="media" default="" label="HERO_IMG_DECOR_TITLE" description="HERO_IMG_DECOR_DESC" required="1"></field>
			<field name="title" type="text" default="" label="HERO_TITLE" description="HERO_TITLE_DESC"></field>
			<field name="desc" type="textarea" default="" label="HERO_DESCRIPTIONS" description="HERO_DESCRIPTIONS_DES"></field>
			<field name="button" type="text" default="" label="HERO_BUTTON" description="HERO_BUTTON_DES"/>
			<field name="btn-link" type="text" default="" label="HERO_BUTTON_LINK" description="HERO_BUTTON_LINK_DES"/>
			<field name="btn-type" type="list" default="" label="HERO_BUTTON_TYPE" description="HERO_BUTTON_TYPE_DES">
				<option value="primary">Primary</option>
				<option value="secondary">Secondary</option>
				<option value="success">Success</option>
				<option value="light">Light</option>
				<option value="outline-light">Out Light</option>
				<option value="dark">Dark</option>
			</field>
		</fieldset>
  </fields>
</form>