{
	"info": {
		"_postman_id": "a6e3b6e2-8578-4082-9dd9-97e71c58185f",
		"name": "proba_vizsga",
		"schema": "https://schema.getpostman.com/json/collection/v2.1.0/collection.json",
		"_exporter_id": "39842159"
	},
	"item": [
		{
			"name": "get_karakter",
			"request": {
				"method": "GET",
				"header": [],
				"url": {
					"raw": "http://localhost/Abraham_David_backend/api/karakterek/",
					"protocol": "http",
					"host": [
						"localhost"
					],
					"path": [
						"Abraham_David_backend",
						"api",
						"karakterek",
						""
					]
				}
			},
			"response": [
				{
					"name": "get_karakter_talalat",
					"originalRequest": {
						"method": "GET",
						"header": [],
						"url": {
							"raw": "http://localhost/Abraham_David_backend/api/karakterek/?faj=elf",
							"protocol": "http",
							"host": [
								"localhost"
							],
							"path": [
								"Abraham_David_backend",
								"api",
								"karakterek",
								""
							],
							"query": [
								{
									"key": "faj",
									"value": "elf"
								}
							]
						}
					},
					"status": "OK",
					"code": 200,
					"_postman_previewlanguage": "json",
					"header": [
						{
							"key": "Date",
							"value": "Tue, 15 Apr 2025 09:29:11 GMT"
						},
						{
							"key": "Server",
							"value": "Apache/2.4.58 (Win64) OpenSSL/3.1.3 PHP/8.0.30"
						},
						{
							"key": "X-Powered-By",
							"value": "PHP/8.0.30"
						},
						{
							"key": "Access-Control-Allow-Origin",
							"value": "*"
						},
						{
							"key": "Access-Control-Allow-Methods",
							"value": "GET, POST"
						},
						{
							"key": "Content-Length",
							"value": "165"
						},
						{
							"key": "Keep-Alive",
							"value": "timeout=5, max=100"
						},
						{
							"key": "Connection",
							"value": "Keep-Alive"
						},
						{
							"key": "Content-Type",
							"value": "application/json"
						}
					],
					"cookie": [],
					"body": "[\n    {\n        \"id\": 2,\n        \"nev\": \"Lindir\",\n        \"szint\": 5,\n        \"ero\": 7,\n        \"ugyesseg\": 10,\n        \"faj\": {\n            \"id\": 2,\n            \"nev\": \"Elf\"\n        }\n    },\n    {\n        \"id\": 2,\n        \"nev\": \"Elina\",\n        \"szint\": 6,\n        \"ero\": 5,\n        \"ugyesseg\": 9,\n        \"faj\": {\n            \"id\": 2,\n            \"nev\": \"Elf\"\n        }\n    }\n]"
				},
				{
					"name": "nincs_talalat",
					"originalRequest": {
						"method": "GET",
						"header": [],
						"url": {
							"raw": "http://localhost/Abraham_David_backend/api/karakterek/?faj=elfeee",
							"protocol": "http",
							"host": [
								"localhost"
							],
							"path": [
								"Abraham_David_backend",
								"api",
								"karakterek",
								""
							],
							"query": [
								{
									"key": "faj",
									"value": "elfeee"
								}
							]
						}
					},
					"status": "OK",
					"code": 200,
					"_postman_previewlanguage": "json",
					"header": [
						{
							"key": "Date",
							"value": "Tue, 15 Apr 2025 09:32:06 GMT"
						},
						{
							"key": "Server",
							"value": "Apache/2.4.58 (Win64) OpenSSL/3.1.3 PHP/8.0.30"
						},
						{
							"key": "X-Powered-By",
							"value": "PHP/8.0.30"
						},
						{
							"key": "Access-Control-Allow-Origin",
							"value": "*"
						},
						{
							"key": "Access-Control-Allow-Methods",
							"value": "GET, POST"
						},
						{
							"key": "Content-Length",
							"value": "25"
						},
						{
							"key": "Keep-Alive",
							"value": "timeout=5, max=100"
						},
						{
							"key": "Connection",
							"value": "Keep-Alive"
						},
						{
							"key": "Content-Type",
							"value": "application/json"
						}
					],
					"cookie": [],
					"body": "{\n    \"hiba\": \"nincs talalat!\"\n}"
				},
				{
					"name": "hibas_parameter",
					"originalRequest": {
						"method": "GET",
						"header": [],
						"url": {
							"raw": "http://localhost/Abraham_David_backend/api/karakterek/",
							"protocol": "http",
							"host": [
								"localhost"
							],
							"path": [
								"Abraham_David_backend",
								"api",
								"karakterek",
								""
							]
						}
					},
					"status": "OK",
					"code": 200,
					"_postman_previewlanguage": "json",
					"header": [
						{
							"key": "Date",
							"value": "Tue, 15 Apr 2025 09:33:10 GMT"
						},
						{
							"key": "Server",
							"value": "Apache/2.4.58 (Win64) OpenSSL/3.1.3 PHP/8.0.30"
						},
						{
							"key": "X-Powered-By",
							"value": "PHP/8.0.30"
						},
						{
							"key": "Access-Control-Allow-Origin",
							"value": "*"
						},
						{
							"key": "Access-Control-Allow-Methods",
							"value": "GET, POST"
						},
						{
							"key": "Content-Length",
							"value": "43"
						},
						{
							"key": "Keep-Alive",
							"value": "timeout=5, max=100"
						},
						{
							"key": "Connection",
							"value": "Keep-Alive"
						},
						{
							"key": "Content-Type",
							"value": "application/json"
						}
					],
					"cookie": [],
					"body": "{\n    \"hiba\": \"Hibás vagy hiányzó paraméter\"\n}"
				}
			]
		},
		{
			"name": "create_katakter",
			"request": {
				"method": "POST",
				"header": [],
				"body": {
					"mode": "raw",
					"raw": "{\r\n    \"nev\": \"Thorg\",\r\n    \"szint\": 3,\r\n    \"ero\": 10,\r\n    \"ugyesseg\": 5,\r\n    \"faj_id\": 3\r\n}",
					"options": {
						"raw": {
							"language": "json"
						}
					}
				},
				"url": {
					"raw": "http://localhost/Abraham_David_backend/api/karakter/",
					"protocol": "http",
					"host": [
						"localhost"
					],
					"path": [
						"Abraham_David_backend",
						"api",
						"karakter",
						""
					]
				}
			},
			"response": [
				{
					"name": "create_katakter_sikeres",
					"originalRequest": {
						"method": "POST",
						"header": [],
						"body": {
							"mode": "raw",
							"raw": "{\r\n    \"nev\": \"Thorg\",\r\n    \"szint\": 3,\r\n    \"ero\": 10,\r\n    \"ugyesseg\": 5,\r\n    \"faj_id\": 3\r\n}",
							"options": {
								"raw": {
									"language": "json"
								}
							}
						},
						"url": {
							"raw": "http://localhost/Abraham_David_backend/api/karakter/",
							"protocol": "http",
							"host": [
								"localhost"
							],
							"path": [
								"Abraham_David_backend",
								"api",
								"karakter",
								""
							]
						}
					},
					"status": "Created",
					"code": 201,
					"_postman_previewlanguage": "json",
					"header": [
						{
							"key": "Date",
							"value": "Tue, 15 Apr 2025 09:33:26 GMT"
						},
						{
							"key": "Server",
							"value": "Apache/2.4.58 (Win64) OpenSSL/3.1.3 PHP/8.0.30"
						},
						{
							"key": "X-Powered-By",
							"value": "PHP/8.0.30"
						},
						{
							"key": "Access-Control-Allow-Origin",
							"value": "*"
						},
						{
							"key": "Access-Control-Allow-Methods",
							"value": "POST, DELETE"
						},
						{
							"key": "Content-Length",
							"value": "8"
						},
						{
							"key": "Keep-Alive",
							"value": "timeout=5, max=100"
						},
						{
							"key": "Connection",
							"value": "Keep-Alive"
						},
						{
							"key": "Content-Type",
							"value": "application/json"
						}
					],
					"cookie": [],
					"body": "{\n    \"id\": 9\n}"
				},
				{
					"name": "hianyzo_adat",
					"originalRequest": {
						"method": "POST",
						"header": [],
						"body": {
							"mode": "raw",
							"raw": "{\r\n    \"nev\": \"Thorg\",\r\n    \"szint\": 3,\r\n    \"ero\": 10,\r\n    \"ugyesseg\": 5\r\n}",
							"options": {
								"raw": {
									"language": "json"
								}
							}
						},
						"url": {
							"raw": "http://localhost/Abraham_David_backend/api/karakter/",
							"protocol": "http",
							"host": [
								"localhost"
							],
							"path": [
								"Abraham_David_backend",
								"api",
								"karakter",
								""
							]
						}
					},
					"status": "Bad Request",
					"code": 400,
					"_postman_previewlanguage": "json",
					"header": [
						{
							"key": "Date",
							"value": "Tue, 15 Apr 2025 09:34:13 GMT"
						},
						{
							"key": "Server",
							"value": "Apache/2.4.58 (Win64) OpenSSL/3.1.3 PHP/8.0.30"
						},
						{
							"key": "X-Powered-By",
							"value": "PHP/8.0.30"
						},
						{
							"key": "Access-Control-Allow-Origin",
							"value": "*"
						},
						{
							"key": "Access-Control-Allow-Methods",
							"value": "POST, DELETE"
						},
						{
							"key": "Content-Length",
							"value": "48"
						},
						{
							"key": "Connection",
							"value": "close"
						},
						{
							"key": "Content-Type",
							"value": "application/json"
						}
					],
					"cookie": [],
					"body": "{\n    \"hiba\": \"Hiányzó adat vagy érvénytelen faj\"\n}"
				}
			]
		},
		{
			"name": "remove_karakter",
			"request": {
				"method": "DELETE",
				"header": [],
				"body": {
					"mode": "raw",
					"raw": "{\r\n    \"id\": 11\r\n}",
					"options": {
						"raw": {
							"language": "json"
						}
					}
				},
				"url": {
					"raw": "http://localhost/Abraham_David_backend/api/karakter/",
					"protocol": "http",
					"host": [
						"localhost"
					],
					"path": [
						"Abraham_David_backend",
						"api",
						"karakter",
						""
					]
				}
			},
			"response": [
				{
					"name": "remove_karakter_sikeres_talalt",
					"originalRequest": {
						"method": "DELETE",
						"header": [],
						"body": {
							"mode": "raw",
							"raw": "{\r\n    \"id\": 11\r\n}",
							"options": {
								"raw": {
									"language": "json"
								}
							}
						},
						"url": {
							"raw": "http://localhost/Abraham_David_backend/api/karakter/",
							"protocol": "http",
							"host": [
								"localhost"
							],
							"path": [
								"Abraham_David_backend",
								"api",
								"karakter",
								""
							]
						}
					},
					"status": "No Content",
					"code": 204,
					"_postman_previewlanguage": "plain",
					"header": [
						{
							"key": "Date",
							"value": "Tue, 15 Apr 2025 09:34:56 GMT"
						},
						{
							"key": "Server",
							"value": "Apache/2.4.58 (Win64) OpenSSL/3.1.3 PHP/8.0.30"
						},
						{
							"key": "X-Powered-By",
							"value": "PHP/8.0.30"
						},
						{
							"key": "Access-Control-Allow-Origin",
							"value": "*"
						},
						{
							"key": "Access-Control-Allow-Methods",
							"value": "POST, DELETE"
						},
						{
							"key": "Keep-Alive",
							"value": "timeout=5, max=100"
						},
						{
							"key": "Connection",
							"value": "Keep-Alive"
						}
					],
					"cookie": [],
					"body": null
				},
				{
					"name": "remove_karakter_sikeres_nem_talalt",
					"originalRequest": {
						"method": "DELETE",
						"header": [],
						"body": {
							"mode": "raw",
							"raw": "{\r\n    \"id\": 11\r\n}",
							"options": {
								"raw": {
									"language": "json"
								}
							}
						},
						"url": {
							"raw": "http://localhost/Abraham_David_backend/api/karakter/",
							"protocol": "http",
							"host": [
								"localhost"
							],
							"path": [
								"Abraham_David_backend",
								"api",
								"karakter",
								""
							]
						}
					},
					"status": "Not Found",
					"code": 404,
					"_postman_previewlanguage": "json",
					"header": [
						{
							"key": "Date",
							"value": "Tue, 15 Apr 2025 09:35:11 GMT"
						},
						{
							"key": "Server",
							"value": "Apache/2.4.58 (Win64) OpenSSL/3.1.3 PHP/8.0.30"
						},
						{
							"key": "X-Powered-By",
							"value": "PHP/8.0.30"
						},
						{
							"key": "Access-Control-Allow-Origin",
							"value": "*"
						},
						{
							"key": "Access-Control-Allow-Methods",
							"value": "POST, DELETE"
						},
						{
							"key": "Content-Length",
							"value": "0"
						},
						{
							"key": "Keep-Alive",
							"value": "timeout=5, max=100"
						},
						{
							"key": "Connection",
							"value": "Keep-Alive"
						},
						{
							"key": "Content-Type",
							"value": "application/json"
						}
					],
					"cookie": [],
					"body": null
				},
				{
					"name": "remove_karakter_hianyos_adat",
					"originalRequest": {
						"method": "DELETE",
						"header": [],
						"body": {
							"mode": "raw",
							"raw": "{\r\n    \r\n}",
							"options": {
								"raw": {
									"language": "json"
								}
							}
						},
						"url": {
							"raw": "http://localhost/Abraham_David_backend/api/karakter/",
							"protocol": "http",
							"host": [
								"localhost"
							],
							"path": [
								"Abraham_David_backend",
								"api",
								"karakter",
								""
							]
						}
					},
					"status": "Bad Request",
					"code": 400,
					"_postman_previewlanguage": "json",
					"header": [
						{
							"key": "Date",
							"value": "Tue, 15 Apr 2025 09:36:30 GMT"
						},
						{
							"key": "Server",
							"value": "Apache/2.4.58 (Win64) OpenSSL/3.1.3 PHP/8.0.30"
						},
						{
							"key": "X-Powered-By",
							"value": "PHP/8.0.30"
						},
						{
							"key": "Access-Control-Allow-Origin",
							"value": "*"
						},
						{
							"key": "Access-Control-Allow-Methods",
							"value": "POST, DELETE"
						},
						{
							"key": "Content-Length",
							"value": "26"
						},
						{
							"key": "Connection",
							"value": "close"
						},
						{
							"key": "Content-Type",
							"value": "application/json"
						}
					],
					"cookie": [],
					"body": "{\n    \"hiba\": \"Hiányzó adat!\"\n}"
				}
			]
		}
	]
}