{"color_primary":"#0a58ca","color_secondary":"#6c757d","color_success":"#198754","color_info":"#0dcaf0","color_warning":"#fd7e14","color_danger":"#dc3545","color_light":"#f8f9fa","color_dark":"#212529","color_white":"#ffffff","color_black":"#000000","body_bg_color":"#ffffff","body_text_color":"#495057","body_link_color":"#0a58ca","body_link_hover_color":"#084298","mainnav_text_color":"#495057","mainnav_link_color":"#495057","mainnav_link_hover_color":"#0a58ca","mainnav_link_active_color":"#0a58ca","footer_bg_color":"#ffffff","footer_text_color":"#495057","footer_link_color":"#495057","footer_link_hover_color":"#0a58ca","styles_palettes":"{\"blue\":{\"class\":\"blue\",\"status\":\"ovr\",\"title\":\"Primary\",\"link_hover_color\":\"#ffffff\",\"link_color\":\"#ffffff\",\"text_color\":\"#f8f9fa\",\"heading_hover_color\":\"#ffffff\",\"heading_color\":\"#ffffff\",\"background_color\":\"#0a58ca\"},\"dark\":{\"class\":\"dark\",\"status\":\"ovr\",\"title\":\"Dark\",\"link_hover_color\":\"#ffffff\",\"link_color\":\"#ffffff\",\"text_color\":\"#ffffff\",\"heading_hover_color\":\"#ffffff\",\"heading_color\":\"#ffffff\",\"background_color\":\"#15181a\"},\"light\":{\"class\":\"light\",\"status\":\"ovr\",\"title\":\"Light\",\"link_hover_color\":\"#0a58ca\",\"link_color\":\"#000000\",\"text_color\":\"#6c757d\",\"heading_hover_color\":\"#0a58ca\",\"heading_color\":\"#6c757d\",\"background_color\":\"#ffffff\"},\"gray\":{\"class\":\"gray\",\"status\":\"ovr\",\"title\":\"Gray\",\"link_hover_color\":\"#084298\",\"link_color\":\"#0a58ca\",\"text_color\":\"#343a40\",\"heading_hover_color\":\"#0a58ca\",\"heading_color\":\"#343a40\",\"background_color\":\"#f8f9fa\"},\"mainnav\":{\"class\":\"mainnav\",\"status\":\"ovr\",\"title\":\"Mainnav\",\"link_hover_color\":\"#084298\",\"link_color\":\"#6c757d\",\"text_color\":\"#6c757d\",\"heading_hover_color\":\"#0a58ca\",\"heading_color\":\"#6c757d\",\"background_color\":\"#ffffff\"}}"}